place_name,category_group_name,category_name,x,y,road_address_name,place_url
장소이름:동은여인숙,숙박,"여행 > 숙박 > 여관,모텔",경도:126.967763456277,위도:37.5560151772539,도로명주소:서울 중구 만리재로 207-10,웹링크:http://place.map.kakao.com/10284704
장소이름:호텔아트리움바비엥2,숙박,여행 > 숙박 > 호텔,경도:126.96788852899044,위도:37.56520988386736,도로명주소:서울 중구 통일로 114,웹링크:http://place.map.kakao.com/27507399
장소이름:바비엥스위트,숙박,여행 > 숙박 > 호텔,경도:126.968488793719,위도:37.5643369803049,도로명주소:서울 중구 통일로 102,웹링크:http://place.map.kakao.com/15214837
장소이름:K서울게스트하우스,숙박,여행 > 숙박 > 게스트하우스,경도:126.968676828212,위도:37.5585850674705,도로명주소:서울 중구 청파로 435-10,웹링크:http://place.map.kakao.com/1768902909
장소이름:프레이저플레이스 센트럴서울,숙박,여행 > 숙박 > 호텔,경도:126.96979003758572,위도:37.56253532765712,도로명주소:서울 중구 통일로 78,웹링크:http://place.map.kakao.com/10879960
장소이름:제이파크아일랜드,숙박,"여행 > 숙박 > 콘도,리조트",경도:126.970642761383,위도:37.5671630591305,도로명주소:서울 중구 정동길 17,웹링크:http://place.map.kakao.com/241952011
장소이름:라마다호텔앤스위트 서울남대문,숙박,여행 > 숙박 > 호텔 > 특급호텔 > 라마다호텔,경도:126.97188584385984,위도:37.56048878084385,도로명주소:서울 중구 칠패로 27,웹링크:http://place.map.kakao.com/12783363
장소이름:ENA스위트호텔,숙박,여행 > 숙박 > 호텔,경도:126.97389077525318,위도:37.56231015558714,도로명주소:서울 중구 세종대로11길 36,웹링크:http://place.map.kakao.com/1906769625
장소이름:원미닛게스트하우스,숙박,여행 > 숙박 > 게스트하우스,경도:126.974595209166,위도:37.5543734251115,도로명주소:서울 중구 후암로58길 13,웹링크:http://place.map.kakao.com/1362783646
장소이름:안전장모텔,숙박,"여행 > 숙박 > 여관,모텔",경도:126.974625512706,위도:37.5584567521816,도로명주소:서울 중구 세종대로2나길 21,웹링크:http://place.map.kakao.com/23993832
장소이름:호텔레스 서울,숙박,여행 > 숙박 > 호텔,경도:126.974487413858,위도:37.5585206932198,도로명주소:서울 중구 세종대로 24-1,웹링크:http://place.map.kakao.com/567318214
장소이름:서울역힐튼,숙박,"여행 > 숙박 > 여관,모텔",경도:126.974607409134,위도:37.5584423323349,도로명주소:서울 중구 세종대로2나길 21,웹링크:http://place.map.kakao.com/25815318
장소이름:밀레니엄힐튼 서울(22년12월31일 영업종료),숙박,여행 > 숙박 > 호텔 > 특급호텔 > 힐튼호텔,경도:126.9754866901112,위도:37.555326869140345,도로명주소:서울 중구 소월로 50,웹링크:http://place.map.kakao.com/23882610
장소이름:프레이저플레이스 남대문서울,숙박,여행 > 숙박 > 호텔,경도:126.976426385174,위도:37.5613763555678,도로명주소:서울 중구 세종대로 58,웹링크:http://place.map.kakao.com/25429712
장소이름:24게스트하우스 서울시청점,숙박,여행 > 숙박 > 게스트하우스,경도:126.976348366187,위도:37.5647136308635,도로명주소:서울 중구 덕수궁길 7,웹링크:http://place.map.kakao.com/27336166
장소이름:코리아나호텔,숙박,여행 > 숙박 > 호텔,경도:126.97663139666076,위도:37.56813837281585,도로명주소:서울 중구 세종대로 135,웹링크:http://place.map.kakao.com/23121414
장소이름:코트야드바이메리어트 서울남대문,숙박,여행 > 숙박 > 호텔 > 특급호텔 > 메리어트호텔,경도:126.976938008129,위도:37.5612503170701,도로명주소:서울 중구 남대문로 9,웹링크:http://place.map.kakao.com/821799963
장소이름:더블유에이치지코리아,숙박,여행 > 숙박 > 호텔,경도:126.976969592626,위도:37.5615963059728,도로명주소:서울 중구 세종대로12길 12,웹링크:http://place.map.kakao.com/1277229639
장소이름:호텔그레이스리 서울,숙박,여행 > 숙박 > 호텔,경도:126.9769107309752,위도:37.56161791839677,도로명주소:서울 중구 세종대로12길 12,웹링크:http://place.map.kakao.com/1330886736
장소이름:케이팝하우스,숙박,여행 > 숙박 > 게스트하우스,경도:126.977165733992,위도:37.5567886237909,도로명주소:서울 중구 퇴계로2길 20,웹링크:http://place.map.kakao.com/1102607934
장소이름:알프스모텔,숙박,"여행 > 숙박 > 여관,모텔",경도:126.977240642258,위도:37.5635316990976,도로명주소:서울 중구 세종대로16길 3,웹링크:http://place.map.kakao.com/12727949
장소이름:24게스트하우스 명동에비뉴점,숙박,여행 > 숙박 > 게스트하우스,경도:126.97769177530672,위도:37.561336957584444,도로명주소:서울 중구 남대문로1길 6,웹링크:http://place.map.kakao.com/24662056
장소이름:스타힐스호텔,숙박,"여행 > 숙박 > 여관,모텔",경도:126.977680414076,위도:37.5614811149117,도로명주소:서울 중구 남대문로1길 8-1,웹링크:http://place.map.kakao.com/735459590
장소이름:호텔8아워즈,숙박,여행 > 숙박 > 호텔,경도:126.978001677468,위도:37.5620758330026,도로명주소:서울 중구 남대문로1길 26-10,웹링크:http://place.map.kakao.com/26889256
장소이름:호텔아이린시티,숙박,여행 > 숙박 > 호텔,경도:126.977992622798,위도:37.5620758313152,도로명주소:서울 중구 남대문로1길 26-10,웹링크:http://place.map.kakao.com/8871739
장소이름:스타게스트하우스,숙박,여행 > 숙박 > 게스트하우스,경도:126.97799487984013,위도:37.562098356651155,도로명주소:서울 중구 남대문로1길 26-10,웹링크:http://place.map.kakao.com/124286732
장소이름:호텔피넛,숙박,"여행 > 숙박 > 여관,모텔",경도:126.9778160155889,위도:37.562214551740375,도로명주소:서울 중구 남대문로1길 26-8,웹링크:http://place.map.kakao.com/306360827
장소이름:스페이스아라,숙박,"여행 > 숙박 > 여관,모텔",경도:126.97796877787816,위도:37.56233531388717,도로명주소:서울 중구 남대문로1길 26-11,웹링크:http://place.map.kakao.com/1388692590
장소이름:호텔대우인,숙박,"여행 > 숙박 > 여관,모텔",경도:126.97786112745638,위도:37.56276056411788,도로명주소:서울 중구 세종대로14길 22-2,웹링크:http://place.map.kakao.com/16556621
장소이름:르서울호텔,숙박,여행 > 숙박 > 호텔,경도:126.977747742057,위도:37.5634362901449,도로명주소:서울 중구 남대문로1길 56,웹링크:http://place.map.kakao.com/1680077232
장소이름:호텔토마스 명동,숙박,여행 > 숙박 > 호텔,경도:126.97837600637706,위도:37.56314178105397,도로명주소:서울 중구 세종대로16길 26,웹링크:http://place.map.kakao.com/1549352295
장소이름:트레블로지 명동 시티홀 호텔,숙박,여행 > 숙박 > 호텔,경도:126.978078349656,위도:37.5630741514274,도로명주소:서울 중구 세종대로16길 22,웹링크:http://place.map.kakao.com/24065729
장소이름:더플라자호텔,숙박,여행 > 숙박 > 호텔 > 한화호텔,경도:126.97811069981492,위도:37.56469234685201,도로명주소:서울 중구 소공로 119,웹링크:http://place.map.kakao.com/7943752
장소이름:뉴서울호텔,숙박,여행 > 숙박 > 호텔,경도:126.9781765109669,위도:37.56801523213501,도로명주소:서울 중구 세종대로22길 16,웹링크:http://place.map.kakao.com/14562562
장소이름:JJ게스트하우스,숙박,여행 > 숙박 > 게스트하우스,경도:126.978532884301,위도:37.5568177121922,도로명주소:서울 중구 퇴계로6가길 10,웹링크:http://place.map.kakao.com/19071875
장소이름:드림게스트하우스,숙박,여행 > 숙박 > 게스트하우스,경도:126.97844336956057,위도:37.55718620381605,도로명주소:서울 중구 퇴계로6길 22-1,웹링크:http://place.map.kakao.com/26643880
장소이름:보코서울명동,숙박,여행 > 숙박 > 호텔,경도:126.978544874544,위도:37.5584187865618,도로명주소:서울 중구 퇴계로 52,웹링크:http://place.map.kakao.com/1507405659
장소이름:로컬스티치 시청,숙박,여행 > 숙박 > 호텔,경도:126.978704475713,위도:37.5623237359225,도로명주소:서울 중구 남대문로5길 17-5,웹링크:http://place.map.kakao.com/416918070
장소이름:24게스트하우스 명동타운점,숙박,여행 > 숙박 > 게스트하우스,경도:126.978849066483,위도:37.559326145538,도로명주소:서울 중구 퇴계로 61,웹링크:http://place.map.kakao.com/26931235
장소이름:소테츠 호텔즈 더 스프라지르 서울 명동,숙박,여행 > 숙박 > 호텔,경도:126.978780385233,위도:37.5620543516072,도로명주소:서울 중구 남대문로5길 15,웹링크:http://place.map.kakao.com/2040574326
장소이름:호텔코지 명동,숙박,여행 > 숙박 > 호텔,경도:126.979369288435,위도:37.5607858526039,도로명주소:서울 중구 남대문시장길 61,웹링크:http://place.map.kakao.com/25048571
장소이름:호텔루미아 명동,숙박,여행 > 숙박 > 호텔,경도:126.9796835344275,위도:37.55808471802881,도로명주소:서울 중구 퇴계로8길 31-9,웹링크:http://place.map.kakao.com/27173136
장소이름:레스케이프호텔,숙박,여행 > 숙박 > 호텔 > 특급호텔,경도:126.97948729970663,위도:37.559682151965866,도로명주소:서울 중구 퇴계로 67,웹링크:http://place.map.kakao.com/1220594086
장소이름:호텔명동,숙박,여행 > 숙박 > 호텔,경도:126.979428159622,위도:37.5607245950926,도로명주소:서울 중구 남대문시장길 61,웹링크:http://place.map.kakao.com/12159743
장소이름:프레지던트호텔,숙박,여행 > 숙박 > 호텔,경도:126.979386068845,위도:37.5656079885064,도로명주소:서울 중구 을지로 16,웹링크:http://place.map.kakao.com/8641502
장소이름:킴스명동호스텔,숙박,여행 > 숙박 > 유스호스텔,경도:126.979841379578,위도:37.5561223727958,도로명주소:서울 중구 소파로 25,웹링크:http://place.map.kakao.com/12803224
장소이름:웨스틴조선 서울,숙박,여행 > 숙박 > 호텔 > 특급호텔 > 조선호텔,경도:126.98002023009,위도:37.56446833738266,도로명주소:서울 중구 소공로 106,웹링크:http://place.map.kakao.com/10686757
장소이름:국제게스트하우스,숙박,여행 > 숙박 > 게스트하우스,경도:126.980750905688,위도:37.5576614281561,도로명주소:서울 중구 퇴계로4길 52-20,웹링크:http://place.map.kakao.com/24266346
장소이름:크라운파크호텔서울,숙박,여행 > 숙박 > 호텔,경도:126.980776499589,위도:37.5637665868218,도로명주소:서울 중구 남대문로7길 19,웹링크:http://place.map.kakao.com/1300555248
장소이름:롯데호텔서울 이그제큐티브타워,숙박,여행 > 숙박 > 호텔 > 특급호텔 > 롯데호텔,경도:126.980992840284,위도:37.5653818378015,도로명주소:서울 중구 을지로 30,웹링크:http://place.map.kakao.com/1550004210
장소이름:롯데호텔 서울,숙박,여행 > 숙박 > 호텔 > 특급호텔 > 롯데호텔,경도:126.98101264795298,위도:37.56538301228365,도로명주소:서울 중구 을지로 30,웹링크:http://place.map.kakao.com/7855876
장소이름:호텔 미드시티 명동,숙박,여행 > 숙박 > 호텔,경도:126.98101547127872,위도:37.567638205575264,도로명주소:서울 중구 다동길 30,웹링크:http://place.map.kakao.com/750620291
장소이름:호텔파크힐 명동,숙박,여행 > 숙박 > 호텔,경도:126.981751359604,위도:37.557776914675,도로명주소:서울 중구 퇴계로12길 39-8,웹링크:http://place.map.kakao.com/1862025405
장소이름:알로프트 서울명동,숙박,여행 > 숙박 > 호텔,경도:126.981922286996,위도:37.562335985428,도로명주소:서울 중구 남대문로 56,웹링크:http://place.map.kakao.com/396872952
장소이름:힐하우스호텔,숙박,여행 > 숙박 > 호텔,경도:126.98205038494258,위도:37.5567831604322,도로명주소:서울 중구 소공로3길 42,웹링크:http://place.map.kakao.com/7993042
장소이름:요기는무인호텔,숙박,"여행 > 숙박 > 여관,모텔",경도:126.982034396731,위도:37.5668085478651,도로명주소:서울 중구 남대문로9길 8,웹링크:http://place.map.kakao.com/408079183
장소이름:신민장,숙박,"여행 > 숙박 > 여관,모텔",경도:126.982521324343,위도:37.5562273156464,도로명주소:서울 중구 소공로3길 29-8,웹링크:http://place.map.kakao.com/9200222
장소이름:남산힐호텔,숙박,"여행 > 숙박 > 여관,모텔",경도:126.9824273016763,위도:37.55660121564724,도로명주소:서울 중구 소공로3길 35,웹링크:http://place.map.kakao.com/21653661
장소이름:목시 서울 명동,숙박,여행 > 숙박 > 호텔,경도:126.98275100575334,위도:37.56140988485214,도로명주소:서울 중구 명동8나길 38,웹링크:http://place.map.kakao.com/177174107
장소이름:르메르디앙 서울명동,숙박,여행 > 숙박 > 호텔,경도:126.98268303793978,위도:37.561662153979626,도로명주소:서울 중구 명동8나길 38,웹링크:http://place.map.kakao.com/2124774684
장소이름:스탠포드호텔 명동,숙박,여행 > 숙박 > 호텔,경도:126.98284080112089,위도:37.56468231712421,도로명주소:서울 중구 남대문로 84,웹링크:http://place.map.kakao.com/1877073295
장소이름:K게스트하우스 명동1호점,숙박,여행 > 숙박 > 게스트하우스,경도:126.983217437579,위도:37.5608729580032,도로명주소:서울 중구 퇴계로 103,웹링크:http://place.map.kakao.com/26571958
장소이름:앰배서더호텔 이비스 서울명동,숙박,여행 > 숙박 > 호텔 > 특급호텔 > 앰배서더호텔,경도:126.98299937639496,위도:37.56418499012939,도로명주소:서울 중구 남대문로 78,웹링크:http://place.map.kakao.com/17361103
장소이름:57명동호스텔,숙박,"여행 > 숙박 > 여관,모텔",경도:126.98339058536516,위도:37.56096308216818,도로명주소:서울 중구 명동2길 57,웹링크:http://place.map.kakao.com/1546305700
장소이름:데이즈호텔 명동,숙박,여행 > 숙박 > 호텔,경도:126.983588657287,위도:37.5609450899306,도로명주소:서울 중구 퇴계로 107,웹링크:http://place.map.kakao.com/23700132
장소이름:아이유게스트하우스,숙박,여행 > 숙박 > 게스트하우스,경도:126.983693468534,위도:37.5578060307833,도로명주소:서울 중구 소공로6나길 11,웹링크:http://place.map.kakao.com/1071102166
장소이름:비마이게스트하우스,숙박,여행 > 숙박 > 게스트하우스,경도:126.983883466818,위도:37.5584511708847,도로명주소:서울 중구 소공로6가길 2,웹링크:http://place.map.kakao.com/17894392
장소이름:뉴오리엔탈호텔,숙박,여행 > 숙박 > 호텔,경도:126.98370197790952,위도:37.560307199862606,도로명주소:서울 중구 퇴계로14길 1,웹링크:http://place.map.kakao.com/8218660
장소이름:메트로호텔,숙박,여행 > 숙박 > 호텔,경도:126.98371564675584,위도:37.565106810238625,도로명주소:서울 중구 명동9가길 14,웹링크:http://place.map.kakao.com/8350578
장소이름:라인호텔명동,숙박,여행 > 숙박 > 호텔,경도:126.98373710193508,위도:37.5653392702002,도로명주소:서울 중구 명동3길 36,웹링크:http://place.map.kakao.com/182126048
장소이름:더 로드 호스텔,숙박,여행 > 숙박 > 게스트하우스,경도:126.983995416002,위도:37.5589043876752,도로명주소:서울 중구 소공로6길 13-8,웹링크:http://place.map.kakao.com/1086674748
장소이름:남산 포레스트 인 명동,숙박,여행 > 숙박 > 게스트하우스,경도:126.983978377287,위도:37.5591936054286,도로명주소:서울 중구 퇴계로14길 29,웹링크:http://place.map.kakao.com/1836104875
장소이름:88게스트하우스,숙박,여행 > 숙박 > 게스트하우스,경도:126.984041550771,위도:37.5601630867444,도로명주소:서울 중구 퇴계로16길 14-10,웹링크:http://place.map.kakao.com/26644790
장소이름:밀리오레호텔 명동,숙박,여행 > 숙박 > 호텔,경도:126.984211134416,위도:37.5610496904418,도로명주소:서울 중구 퇴계로 115,웹링크:http://place.map.kakao.com/330850389
장소이름:호텔스카이파크 명동1호점,숙박,여행 > 숙박 > 호텔,경도:126.984113752896,위도:37.561262312615,도로명주소:서울 중구 명동8나길 15,웹링크:http://place.map.kakao.com/25612226
장소이름:사보이호텔,숙박,여행 > 숙박 > 호텔,경도:126.984186092731,위도:37.561720028656,도로명주소:서울 중구 명동8나길 10,웹링크:http://place.map.kakao.com/11049685
장소이름:아트래블 명동서울호스텔,숙박,여행 > 숙박 > 게스트하우스,경도:126.984086386044,위도:37.5622173654036,도로명주소:서울 중구 명동4길 31,웹링크:http://place.map.kakao.com/1382953461
장소이름:호텔28 명동,숙박,여행 > 숙박 > 호텔 > 특급호텔 > 하얏트호텔,경도:126.9839682179169,위도:37.56435090898033,도로명주소:서울 중구 명동7길 13,웹링크:http://place.map.kakao.com/1455421251
장소이름:모헤닉호텔 서울명동,숙박,여행 > 숙박 > 호텔,경도:126.98452125188,위도:37.5610533354932,도로명주소:서울 중구 퇴계로 115,웹링크:http://place.map.kakao.com/1280256164
장소이름:이코노미호텔 명동프리미어점,숙박,여행 > 숙박 > 호텔,경도:126.984430656916,위도:37.5612911867261,도로명주소:서울 중구 명동8나길 9,웹링크:http://place.map.kakao.com/25777439
장소이름:호스텔아라125,숙박,여행 > 숙박 > 호텔,경도:126.98453859459,위도:37.564761839341,도로명주소:서울 중구 명동9길 21,웹링크:http://place.map.kakao.com/101471342
장소이름:남산길하우스,숙박,여행 > 숙박 > 게스트하우스,경도:126.98475964927258,위도:37.55754037901622,도로명주소:서울 중구 퇴계로18길 79-3,웹링크:http://place.map.kakao.com/166751981
장소이름:남산게스트하우스,숙박,여행 > 숙박 > 게스트하우스,경도:126.98458638897768,위도:37.55802689505579,도로명주소:서울 중구 퇴계로18길 67,웹링크:http://place.map.kakao.com/23937687
장소이름:레드게스트하우스,숙박,여행 > 숙박 > 게스트하우스,경도:126.984802477936,위도:37.5584188568552,도로명주소:서울 중구 소공로6길 32,웹링크:http://place.map.kakao.com/24855928
장소이름:필스테이 명동부띠끄,숙박,여행 > 숙박 > 게스트하우스,경도:126.984666283426,위도:37.5602784971369,도로명주소:서울 중구 퇴계로16길 11,웹링크:http://place.map.kakao.com/27456267
장소이름:K그랜드호텔 명동,숙박,여행 > 숙박 > 호텔,경도:126.98472023736,위도:37.562103923564,도로명주소:서울 중구 명동8길 36,웹링크:http://place.map.kakao.com/619773283
장소이름:아트몬스테이,숙박,여행 > 숙박 > 게스트하우스,경도:126.985201076369,위도:37.5573449187487,도로명주소:서울 중구 퇴계로20나길 42,웹링크:http://place.map.kakao.com/27496795
장소이름:케이스테이게스트하우스 명동2호점,숙박,여행 > 숙박 > 게스트하우스,경도:126.985106937289,위도:37.558363934823305,도로명주소:서울 중구 소공로6길 38,웹링크:http://place.map.kakao.com/236839928
장소이름:SSH 동도호텔,숙박,"여행 > 숙박 > 여관,모텔",경도:126.984965221588,위도:37.5595757579598,도로명주소:서울 중구 퇴계로18길 30,웹링크:http://place.map.kakao.com/10294286
장소이름:솔라리아니시테츠호텔 서울명동,숙박,여행 > 숙박 > 호텔,경도:126.98516383740936,위도:37.562502220632545,도로명주소:서울 중구 명동8길 27,웹링크:http://place.map.kakao.com/27140898
장소이름:K그랜드호스텔 명동점,숙박,여행 > 숙박 > 게스트하우스,경도:126.985172809993,위도:37.5629166801619,도로명주소:서울 중구 명동8길 21-7,웹링크:http://place.map.kakao.com/1037678785
장소이름:소테츠 프레사 인서울 명동,숙박,여행 > 숙박 > 호텔,경도:126.985014198436,위도:37.5636807051139,도로명주소:서울 중구 명동길 48,웹링크:http://place.map.kakao.com/977716552
장소이름:호텔스카이파크 명동2호점,숙박,여행 > 숙박 > 호텔,경도:126.98506827946,위도:37.5649240868361,도로명주소:서울 중구 명동9길 22,웹링크:http://place.map.kakao.com/25620335
장소이름:퍼시픽호텔,숙박,여행 > 숙박 > 호텔 > 특급호텔,경도:126.9854314901355,위도:37.55973709487564,도로명주소:서울 중구 퇴계로20길 2,웹링크:http://place.map.kakao.com/8115356
장소이름:필스테이 명동스테이션,숙박,여행 > 숙박 > 게스트하우스,경도:126.985403932384,위도:37.5617598293481,도로명주소:서울 중구 명동8가길 7,웹링크:http://place.map.kakao.com/137786269
장소이름:미조호텔,숙박,"여행 > 숙박 > 여관,모텔",경도:126.98539034480554,위도:37.56178865956094,도로명주소:서울 중구 명동8가길 7,웹링크:http://place.map.kakao.com/26794765
장소이름:스텝인명동1,숙박,여행 > 숙박 > 게스트하우스,경도:126.985349125387,위도:37.5642069290123,도로명주소:서울 중구 명동길 55,웹링크:http://place.map.kakao.com/26338181
장소이름:필스테이 명동점,숙박,여행 > 숙박 > 게스트하우스,경도:126.98538535636511,위도:37.564149269739495,도로명주소:서울 중구 명동길 55,웹링크:http://place.map.kakao.com/1312422513
장소이름:호텔스카이파크 센트럴명동점,숙박,여행 > 숙박 > 호텔,경도:126.98526076598937,위도:37.56458173246226,도로명주소:서울 중구 명동9길 16,웹링크:http://place.map.kakao.com/18282609
장소이름:크립49게스트하우스,숙박,여행 > 숙박 > 게스트하우스,경도:126.985667410737,위도:37.5570926970153,도로명주소:서울 중구 퇴계로20나길 49,웹링크:http://place.map.kakao.com/145486921
장소이름:서울타워 게스트하우스,숙박,여행 > 숙박 > 게스트하우스,경도:126.985626485369,위도:37.5580405412144,도로명주소:서울 중구 퇴계로20나길 15-12,웹링크:http://place.map.kakao.com/24524646
장소이름:웰플러스,숙박,여행 > 숙박 > 게스트하우스,경도:126.98583012257149,위도:37.55847304448905,도로명주소:서울 중구 퇴계로20나길 9,웹링크:http://place.map.kakao.com/1740298180
장소이름:욜로게스트하우스,숙박,여행 > 숙박 > 게스트하우스,경도:126.985567440634,위도:37.5590388388703,도로명주소:서울 중구 퇴계로20나길 2-8,웹링크:http://place.map.kakao.com/1358018345
장소이름:스테이7 명동,숙박,여행 > 숙박 > 호텔,경도:126.98581692188,위도:37.5624356271478,도로명주소:서울 중구 명동10길 35-9,웹링크:http://place.map.kakao.com/833647384
장소이름:케이팝레지던스 명동1호점,숙박,"여행 > 숙박 > 여관,모텔",경도:126.98562769771624,위도:37.56351319606255,도로명주소:서울 중구 명동10길 7-7,웹링크:http://place.map.kakao.com/19554747
장소이름:로얄호텔서울,숙박,여행 > 숙박 > 호텔,경도:126.98560265367244,위도:37.56425741599385,도로명주소:서울 중구 명동길 61,웹링크:http://place.map.kakao.com/24633671
장소이름:스타리아호스텔,숙박,여행 > 숙박 > 게스트하우스,경도:126.98613796254,위도:37.5584947049648,도로명주소:서울 중구 퇴계로20길 38,웹링크:http://place.map.kakao.com/26857530
장소이름:더큐브호텔,숙박,여행 > 숙박 > 게스트하우스,경도:126.986205809524,위도:37.5588190718841,도로명주소:서울 중구 퇴계로20길 31,웹링크:http://place.map.kakao.com/550473912
장소이름:나인트리호텔 명동,숙박,여행 > 숙박 > 호텔,경도:126.986010627113,위도:37.5615760994689,도로명주소:서울 중구 명동10길 51,웹링크:http://place.map.kakao.com/18645255
장소이름:Mayone Hotel,숙박,"여행 > 숙박 > 여관,모텔",경도:126.985965155301,위도:37.5626356660969,도로명주소:서울 중구 명동10길 35-12,웹링크:http://place.map.kakao.com/1529524241
장소이름:자자백팩커스,숙박,여행 > 숙박 > 게스트하우스,경도:126.986418587636,위도:37.5588046805976,도로명주소:서울 중구 퇴계로20길 35,웹링크:http://place.map.kakao.com/1817214999
장소이름:레지던스이오,숙박,여행 > 숙박 > 게스트하우스,경도:126.986418587636,위도:37.5588046805976,도로명주소:서울 중구 퇴계로20길 35,웹링크:http://place.map.kakao.com/14499242
장소이름:이가정원 게스트하우스,숙박,여행 > 숙박 > 게스트하우스,경도:126.986531715471,위도:37.5590858046528,도로명주소:서울 중구 퇴계로20길 25-30,웹링크:http://place.map.kakao.com/21126713
장소이름:위드유게스트하우스,숙박,여행 > 숙박 > 게스트하우스,경도:126.986223782716,위도:37.5595542875888,도로명주소:서울 중구 퇴계로20가길 8-1,웹링크:http://place.map.kakao.com/790798209
장소이름:서울프린스호텔,숙박,여행 > 숙박 > 호텔,경도:126.986277904015,위도:37.5606715300781,도로명주소:서울 중구 퇴계로 130,웹링크:http://place.map.kakao.com/17358633
장소이름:명동아리하우스,숙박,여행 > 숙박 > 게스트하우스,경도:126.986816698236,위도:37.5603796684857,도로명주소:서울 중구 퇴계로22길 11-4,웹링크:http://place.map.kakao.com/18272452
장소이름:명동에코하우스,숙박,여행 > 숙박 > 게스트하우스,경도:126.986617507735,위도:37.5603363982256,도로명주소:서울 중구 퇴계로22길 13,웹링크:http://place.map.kakao.com/17382184
장소이름:명동맘하우스,숙박,여행 > 숙박 > 게스트하우스,경도:126.986653702432,위도:37.5604661458734,도로명주소:서울 중구 퇴계로22길 11,웹링크:http://place.map.kakao.com/25691768
장소이름:호텔프린스 별관,숙박,여행 > 숙박 > 호텔,경도:126.987002324165,위도:37.5603256292533,도로명주소:서울 중구 퇴계로22길 11-8,웹링크:http://place.map.kakao.com/26820491
장소이름:L7 명동,숙박,여행 > 숙박 > 호텔 > 특급호텔 > 롯데호텔,경도:126.98698855837377,위도:37.561384298991165,도로명주소:서울 중구 퇴계로 137,웹링크:http://place.map.kakao.com/26806179
장소이름:더그랜드호텔 명동점,숙박,여행 > 숙박 > 호텔,경도:126.98718430408869,위도:37.56173300612565,도로명주소:서울 중구 명동8가길 38,웹링크:http://place.map.kakao.com/18166543
장소이름:명동게스트하우스 꼬모,숙박,여행 > 숙박 > 게스트하우스,경도:126.987206033464,위도:37.5604193551795,도로명주소:서울 중구 퇴계로24길 12,웹링크:http://place.map.kakao.com/26815652
장소이름:호텔스카이파크 명동3호점,숙박,여행 > 숙박 > 호텔,경도:126.98726360540698,위도:37.561302338279155,도로명주소:서울 중구 퇴계로 139,웹링크:http://place.map.kakao.com/14539228
장소이름:사자나미 게스트하우스,숙박,여행 > 숙박 > 게스트하우스,경도:126.987663293118,위도:37.5603653440305,도로명주소:서울 중구 퇴계로24길 13-8,웹링크:http://place.map.kakao.com/23106008
장소이름:유에이치스위트 명동 본관,숙박,여행 > 숙박 > 호텔,경도:126.987822615698,위도:37.5619772437818,도로명주소:서울 중구 명동8가길 49,웹링크:http://place.map.kakao.com/162572912
장소이름:이화인명동 게스트하우스,숙박,여행 > 숙박 > 게스트하우스,경도:126.987766864955,위도:37.5637567061156,도로명주소:서울 중구 삼일대로9길 2-1,웹링크:http://place.map.kakao.com/463461417
장소이름:세종호텔,숙박,여행 > 숙박 > 호텔,경도:126.9879687117535,위도:37.56141954181265,도로명주소:서울 중구 퇴계로 145,웹링크:http://place.map.kakao.com/13323689
장소이름:호텔크레토명동,숙박,여행 > 숙박 > 호텔,경도:126.9880772809879,위도:37.5619583488441,도로명주소:서울 중구 명동8가길 53,웹링크:http://place.map.kakao.com/26909004
장소이름:롯데시티호텔 명동,숙박,여행 > 숙박 > 호텔 > 특급호텔,경도:126.988033472394,위도:37.5669534676886,도로명주소:서울 중구 삼일대로 362,웹링크:http://place.map.kakao.com/26784273
장소이름:마마게스트하우스,숙박,여행 > 숙박 > 게스트하우스,경도:126.988356251779,위도:37.5584877365892,도로명주소:서울 중구 소파로4길 34-1,웹링크:http://place.map.kakao.com/22003193
장소이름:헨나호텔 서울명동,숙박,여행 > 숙박 > 호텔,경도:126.988319482918,위도:37.5620232448122,도로명주소:서울 중구 명동8가길 59,웹링크:http://place.map.kakao.com/1685853917
장소이름:K스테이게스트하우스,숙박,여행 > 숙박 > 게스트하우스,경도:126.98845983076976,위도:37.562019654627235,도로명주소:서울 중구 명동8가길 61,웹링크:http://place.map.kakao.com/1963371214
장소이름:앰배서더호텔 이비스스타일 서울명동,숙박,여행 > 숙박 > 호텔 > 특급호텔 > 앰배서더호텔,경도:126.9893800588118,위도:37.56168276823622,도로명주소:서울 중구 삼일대로 302,웹링크:http://place.map.kakao.com/26475078
장소이름:조선호텔 포포인츠바이쉐라톤 서울명동,숙박,여행 > 숙박 > 호텔 > 특급호텔 > 조선호텔,경도:126.98942364960428,위도:37.56557687854458,도로명주소:서울 중구 삼일대로10길 36,웹링크:http://place.map.kakao.com/579976895
장소이름:트레블로지 명동을지로호텔,숙박,여행 > 숙박 > 호텔,경도:126.9894144522256,위도:37.56658238927269,도로명주소:서울 중구 수표로 61,웹링크:http://place.map.kakao.com/26600515
장소이름:유아이 호스텔,숙박,여행 > 숙박 > 유스호스텔,경도:126.989899560269,위도:37.5617386756165,도로명주소:서울 중구 퇴계로 159-8,웹링크:http://place.map.kakao.com/26993101
장소이름:G2호텔,숙박,여행 > 숙박 > 호텔,경도:126.990419995206,위도:37.563349700835,도로명주소:서울 중구 수표로 24,웹링크:http://place.map.kakao.com/1420845534
장소이름:뉴스테이인 명동점,숙박,여행 > 숙박 > 유스호스텔,경도:126.990610266846,위도:37.5623910558378,도로명주소:서울 중구 수표로 14,웹링크:http://place.map.kakao.com/836329797
장소이름:트레블로지 명동남산호텔,숙박,여행 > 숙박 > 호텔,경도:126.990650994796,위도:37.562537020514,도로명주소:서울 중구 수표로 16,웹링크:http://place.map.kakao.com/1101101034
장소이름:서울유스호스텔,숙박,여행 > 숙박 > 유스호스텔,경도:126.99104649124398,위도:37.55849247623213,도로명주소:서울 중구 퇴계로26가길 6,웹링크:http://place.map.kakao.com/7934954
장소이름:나인트리프리미어호텔 명동2,숙박,여행 > 숙박 > 호텔,경도:126.990831861214,위도:37.5643984932914,도로명주소:서울 중구 마른내로 28,웹링크:http://place.map.kakao.com/2029809639
장소이름:솔게스트하우스 서울명동점,숙박,여행 > 숙박 > 게스트하우스,경도:126.990944729216,위도:37.5670330145151,도로명주소:서울 중구 을지로11길 14,웹링크:http://place.map.kakao.com/1081710585
장소이름:오리엔스호텔&레지던스,숙박,여행 > 숙박 > 호텔,경도:126.991149302122,위도:37.560023277988,도로명주소:서울 중구 삼일대로2길 50,웹링크:http://place.map.kakao.com/26553457
장소이름:디어스 명동,숙박,여행 > 숙박 > 호텔,경도:126.991294081463,위도:37.5608089580339,도로명주소:서울 중구 퇴계로 176,웹링크:http://place.map.kakao.com/154728097
장소이름:미오디자인레지던스호텔,숙박,여행 > 숙박 > 호텔,경도:126.99161952170878,위도:37.56547253928949,도로명주소:서울 중구 충무로5길 22,웹링크:http://place.map.kakao.com/1324617595
장소이름:레인보우호텔 명동점,숙박,여행 > 숙박 > 유스호스텔,경도:126.992126918061,위도:37.5625100982635,도로명주소:서울 중구 퇴계로31길 29,웹링크:http://place.map.kakao.com/26613616
장소이름:호텔베네,숙박,여행 > 숙박 > 호텔,경도:126.992389247295,위도:37.5650437172547,도로명주소:서울 중구 충무로5길 3,웹링크:http://place.map.kakao.com/27424441
장소이름:홈즈스테이 명동,숙박,여행 > 숙박 > 호텔,경도:126.992878557087,위도:37.5614911187925,도로명주소:서울 중구 충무로 3,웹링크:http://place.map.kakao.com/1214855792
장소이름:위코스테이 남산,숙박,여행 > 숙박 > 펜션,경도:126.992860447458,위도:37.5614956226824,도로명주소:서울 중구 충무로 3,웹링크:http://place.map.kakao.com/1239127720
장소이름:G3호텔,숙박,여행 > 숙박 > 호텔,경도:126.992915877113,위도:37.5618100738675,도로명주소:서울 중구 충무로 7,웹링크:http://place.map.kakao.com/305725294
장소이름:스테이비호텔 명동,숙박,여행 > 숙박 > 호텔,경도:126.992787833994,위도:37.5633282453087,도로명주소:서울 중구 충무로 23-1,웹링크:http://place.map.kakao.com/26226666
장소이름:영인호텔,숙박,여행 > 숙박 > 호텔,경도:126.993218556083,위도:37.5565095258442,도로명주소:서울 중구 필동로8길 77,웹링크:http://place.map.kakao.com/2103225477
장소이름:라이프인을지로,숙박,"여행 > 숙박 > 여관,모텔",경도:126.993082997324,위도:37.5660348556479,도로명주소:서울 중구 충무로 54-3,웹링크:http://place.map.kakao.com/1781327783
장소이름:필스테이 명동청계점,숙박,여행 > 숙박 > 게스트하우스,경도:126.993109030216,위도:37.5660420651384,도로명주소:서울 중구 충무로 54-3,웹링크:http://place.map.kakao.com/118028052
장소이름:어반스테이 명동,숙박,여행 > 숙박 > 호텔,경도:126.993389976334,위도:37.5633661224065,도로명주소:서울 중구 충무로 24,웹링크:http://place.map.kakao.com/803726647
장소이름:꼬모까사,숙박,여행 > 숙박 > 게스트하우스,경도:126.99340355492,위도:37.5634075690016,도로명주소:서울 중구 충무로 24,웹링크:http://place.map.kakao.com/859006377
장소이름:솔라고 명동호텔&레지던스,숙박,여행 > 숙박 > 호텔,경도:126.994001224107,위도:37.5627805073357,도로명주소:서울 중구 충무로2길 9,웹링크:http://place.map.kakao.com/1555302767
장소이름:서울맘게스트하우스,숙박,여행 > 숙박 > 게스트하우스,경도:126.994041644436,위도:37.5668746361561,도로명주소:서울 중구 을지로15길 6-15,웹링크:http://place.map.kakao.com/119571727
장소이름:마고게스트하우스,숙박,여행 > 숙박 > 게스트하우스,경도:126.994893556136,위도:37.556354638598,도로명주소:서울 중구 퇴계로36가길 90-6,웹링크:http://place.map.kakao.com/19833565
장소이름:한일장모텔,숙박,"여행 > 숙박 > 여관,모텔",경도:126.995092462629,위도:37.560639789611,도로명주소:서울 중구 퇴계로 210-47,웹링크:http://place.map.kakao.com/16299823
장소이름:스테이락호텔,숙박,여행 > 숙박 > 호텔,경도:126.99501767687262,위도:37.56193361781335,도로명주소:서울 중구 퇴계로 211-5,웹링크:http://place.map.kakao.com/443260534
장소이름:우양산업개발,숙박,여행 > 숙박 > 호텔,경도:126.995341434144,위도:37.5610758821565,도로명주소:서울 중구 퇴계로 212,웹링크:http://place.map.kakao.com/1698797825
장소이름:호텔PJ 명동,숙박,여행 > 숙박 > 호텔,경도:126.99569887431603,위도:37.56480782321409,도로명주소:서울 중구 마른내로 71,웹링크:http://place.map.kakao.com/10623423
장소이름:호텔국도,숙박,여행 > 숙박 > 호텔,경도:126.99628738054786,위도:37.56619537719137,도로명주소:서울 중구 을지로 164,웹링크:http://place.map.kakao.com/8835460
장소이름:달콤게스트하우스,숙박,여행 > 숙박 > 게스트하우스,경도:126.9966983774768,위도:37.563507717717414,도로명주소:서울 중구 마른내로8길 13,웹링크:http://place.map.kakao.com/15215223
장소이름:화성장,숙박,"여행 > 숙박 > 여관,모텔",경도:126.996844191742,위도:37.5681325344708,도로명주소:서울 중구 창경궁로5가길 27-4,웹링크:http://place.map.kakao.com/10034879
장소이름:아띠게스트하우스,숙박,여행 > 숙박 > 게스트하우스,경도:126.9971976342234,위도:37.56061192744361,도로명주소:서울 중구 서애로 24,웹링크:http://place.map.kakao.com/387573222
장소이름:힙지게스트하우스,숙박,여행 > 숙박 > 게스트하우스,경도:126.99756295277184,위도:37.56849024677971,도로명주소:서울 중구 창경궁로 67-6,웹링크:http://place.map.kakao.com/1658995346
장소이름:호스텔제이스테이,숙박,여행 > 숙박 > 유스호스텔,경도:126.998528485522,위도:37.5687092047015,도로명주소:서울 중구 청계천로 188,웹링크:http://place.map.kakao.com/470601795
장소이름:남경레지던스,숙박,여행 > 숙박 > 게스트하우스,경도:126.99866782334252,위도:37.5625373831503,도로명주소:서울 중구 창경궁로 2,웹링크:http://place.map.kakao.com/19616197
장소이름:더캡슐 명동점,숙박,여행 > 숙박 > 게스트하우스,경도:126.99885682574124,위도:37.56352037229717,도로명주소:서울 중구 퇴계로45길 23,웹링크:http://place.map.kakao.com/1543680062
장소이름:멀린호텔,숙박,"여행 > 숙박 > 여관,모텔",경도:126.99906170311527,위도:37.5626040606827,도로명주소:서울 중구 퇴계로 245,웹링크:http://place.map.kakao.com/683504425
장소이름:트래블러스A코리아호스텔,숙박,여행 > 숙박 > 게스트하우스,경도:126.998930327412,위도:37.56834250379904,도로명주소:서울 중구 을지로27길 31-2,웹링크:http://place.map.kakao.com/15905986
장소이름:모닝스카이호텔,숙박,여행 > 숙박 > 호텔,경도:126.999900395927,위도:37.5640997184529,도로명주소:서울 중구 퇴계로45길 32-37,웹링크:http://place.map.kakao.com/26935264
장소이름:펠리스까사,숙박,여행 > 숙박 > 게스트하우스,경도:127.000810392823,위도:37.5620562557018,도로명주소:서울 중구 퇴계로50길 12-5,웹링크:http://place.map.kakao.com/742064950
장소이름:현대레지던스,숙박,여행 > 숙박 > 호텔,경도:127.000747028065,위도:37.5638510411416,도로명주소:서울 중구 마른내로12길 7-4,웹링크:http://place.map.kakao.com/21736911
장소이름:반얀트리클럽앤스파서울,숙박,여행 > 숙박 > 호텔 > 특급호텔,경도:127.00118824486688,위도:37.55069827798053,도로명주소:서울 중구 장충단로 60,웹링크:http://place.map.kakao.com/18059533
장소이름:에이큐브호텔 동대문,숙박,여행 > 숙박 > 호텔,경도:127.001729536981,위도:37.5661792049696,도로명주소:서울 중구 동호로35길 5,웹링크:http://place.map.kakao.com/27399074
장소이름:호텔스카이파크 동대문1호점,숙박,여행 > 숙박 > 호텔,경도:127.002141491078,위도:37.5642222345717,도로명주소:서울 중구 동호로 335,웹링크:http://place.map.kakao.com/25613021
장소이름:글로리인,숙박,여행 > 숙박 > 호텔,경도:127.00207360339844,위도:37.565098905120784,도로명주소:서울 중구 동호로 343-1,웹링크:http://place.map.kakao.com/27229813
장소이름:K게스트하우스 동대문1호점,숙박,여행 > 숙박 > 게스트하우스,경도:127.002028330634,위도:37.5651881045273,도로명주소:서울 중구 동호로 345,웹링크:http://place.map.kakao.com/26983862
장소이름:트레블로지동대문호텔,숙박,여행 > 숙박 > 호텔,경도:127.001883480725,위도:37.5664134615702,도로명주소:서울 중구 동호로 359,웹링크:http://place.map.kakao.com/423104394
장소이름:호텔 U5,숙박,여행 > 숙박 > 호텔,경도:127.001859735297,위도:37.5673973494609,도로명주소:서울 중구 동호로 369,웹링크:http://place.map.kakao.com/1601963134
장소이름:앰배서더 서울 풀만,숙박,여행 > 숙박 > 호텔 > 특급호텔 > 앰배서더호텔,경도:127.002174200281,위도:37.5602677598736,도로명주소:서울 중구 동호로 287,웹링크:http://place.map.kakao.com/2049779313
장소이름:베이튼호텔 동대문,숙박,여행 > 숙박 > 호텔,경도:127.00277537258408,위도:37.565202505267926,도로명주소:서울 중구 동호로 346,웹링크:http://place.map.kakao.com/24709139
장소이름:라마다바이윈덤 서울동대문,숙박,여행 > 숙박 > 호텔 > 특급호텔 > 라마다호텔,경도:127.00269390186467,위도:37.56588906618329,도로명주소:서울 중구 동호로 354,웹링크:http://place.map.kakao.com/13111137
장소이름:나인트리호텔 동대문,숙박,여행 > 숙박 > 호텔,경도:127.002947472905,위도:37.5665828270408,도로명주소:서울 중구 을지로 224,웹링크:http://place.map.kakao.com/438884815
장소이름:한국나들이,숙박,여행 > 숙박 > 게스트하우스,경도:127.003196252838,위도:37.5610002470691,도로명주소:서울 중구 동호로30길 6,웹링크:http://place.map.kakao.com/18230233
장소이름:화신여관,숙박,"여행 > 숙박 > 여관,모텔",경도:127.003440923673,위도:37.5653106072837,도로명주소:서울 중구 동호로34길 15,웹링크:http://place.map.kakao.com/8620602
장소이름:뉴천지호텔,숙박,여행 > 숙박 > 호텔,경도:127.003354926281,위도:37.5658836432733,도로명주소:서울 중구 을지로38길 20,웹링크:http://place.map.kakao.com/8834824
장소이름:호텔더디자이너스 DDP점,숙박,여행 > 숙박 > 호텔,경도:127.00410412300518,위도:37.56377979345836,도로명주소:서울 중구 퇴계로 293,웹링크:http://place.map.kakao.com/20284477
장소이름:동림여관,숙박,"여행 > 숙박 > 여관,모텔",경도:127.004667637943,위도:37.5613569927879,도로명주소:서울 중구 동호로30길 27-6,웹링크:http://place.map.kakao.com/16037016
장소이름:노보텔앰배서더 서울동대문호텔&레지던스,숙박,여행 > 숙박 > 호텔 > 특급호텔 > 앰배서더호텔,경도:127.004581922665,위도:37.5663088721492,도로명주소:서울 중구 을지로 238,웹링크:http://place.map.kakao.com/245940082
장소이름:저스트스테이,숙박,"여행 > 숙박 > 여관,모텔",경도:127.00496676423826,위도:37.56625299483513,도로명주소:서울 중구 을지로40길 3,웹링크:http://place.map.kakao.com/17981036
장소이름:서울신라호텔 더 이그제큐티브라운지,숙박,여행 > 숙박 > 호텔,경도:127.005151681006,위도:37.5558789099307,도로명주소:서울 중구 동호로 249,웹링크:http://place.map.kakao.com/1876479818
장소이름:서울신라호텔,숙박,여행 > 숙박 > 호텔 > 특급호텔 > 신라호텔,경도:127.00517884800654,위도:37.555954592538384,도로명주소:서울 중구 동호로 249,웹링크:http://place.map.kakao.com/14576878
장소이름:신도잔여관,숙박,"여행 > 숙박 > 여관,모텔",경도:127.005179244877,위도:37.5616885382446,도로명주소:서울 중구 퇴계로56가길 7,웹링크:http://place.map.kakao.com/16471396
장소이름:을지로 코업 레지던스,숙박,여행 > 숙박 > 호텔,경도:127.005401407368,위도:37.5661790940781,도로명주소:서울 중구 을지로 246,웹링크:http://place.map.kakao.com/12440445
장소이름:CF모텔,숙박,"여행 > 숙박 > 여관,모텔",경도:127.00569421467812,위도:37.56153174110512,도로명주소:서울 중구 퇴계로56길 51,웹링크:http://place.map.kakao.com/16533230
장소이름:서울달빛 DDP지점,숙박,여행 > 숙박 > 게스트하우스,경도:127.00551200243704,위도:37.56169032517188,도로명주소:서울 중구 퇴계로56가길 2,웹링크:http://place.map.kakao.com/1790144952
장소이름:영빈호텔,숙박,여행 > 숙박 > 호텔,경도:127.005505308397,위도:37.5630075824964,도로명주소:서울 중구 퇴계로56길 18,웹링크:http://place.map.kakao.com/24896076
장소이름:호텔더디자이너스 동대문,숙박,여행 > 숙박 > 호텔,경도:127.005650232565,위도:37.5636382731572,도로명주소:서울 중구 퇴계로 306,웹링크:http://place.map.kakao.com/26830414
장소이름:정온장,숙박,"여행 > 숙박 > 여관,모텔",경도:127.005532648654,위도:37.5653862114653,도로명주소:서울 중구 을지로40길 21-38,웹링크:http://place.map.kakao.com/15355597
장소이름:트리쉐이드호텔,숙박,"여행 > 숙박 > 여관,모텔",경도:127.005953708041,위도:37.5653681710601,도로명주소:서울 중구 마른내로 159-14,웹링크:http://place.map.kakao.com/27232696
장소이름:호텔클로이,숙박,"여행 > 숙박 > 여관,모텔",경도:127.00583828248774,위도:37.56570875335036,도로명주소:서울 중구 을지로42길 11,웹링크:http://place.map.kakao.com/1557344441
장소이름:구미장여관,숙박,"여행 > 숙박 > 여관,모텔",경도:127.005890360014,위도:37.5658439001731,도로명주소:서울 중구 을지로42길 7,웹링크:http://place.map.kakao.com/12214046
장소이름:에비뉴모텔,숙박,"여행 > 숙박 > 여관,모텔",경도:127.0062478674449,위도:37.565162728739224,도로명주소:서울 중구 을지로44길 24-4,웹링크:http://place.map.kakao.com/10335182
장소이름:왕도모텔,숙박,"여행 > 숙박 > 여관,모텔",경도:127.006089526451,위도:37.565274460535,도로명주소:서울 중구 을지로44길 24-6,웹링크:http://place.map.kakao.com/10623248
장소이름:탑모텔,숙박,"여행 > 숙박 > 여관,모텔",경도:127.006225395507,위도:37.5657934272028,도로명주소:서울 중구 을지로44길 6-7,웹링크:http://place.map.kakao.com/16704943
장소이름:허브모텔,숙박,"여행 > 숙박 > 여관,모텔",경도:127.00633866666304,위도:37.56676289285756,도로명주소:서울 중구 을지로41길 8,웹링크:http://place.map.kakao.com/26978045
장소이름:호텔라온,숙박,"여행 > 숙박 > 여관,모텔",경도:127.006530935902,위도:37.5649924251436,도로명주소:서울 중구 을지로44길 23,웹링크:http://place.map.kakao.com/1644601416
장소이름:케이스타호텔,숙박,"여행 > 숙박 > 여관,모텔",경도:127.006601240897,위도:37.566449331882,도로명주소:서울 중구 을지로 255,웹링크:http://place.map.kakao.com/1369297424
장소이름:호텔DDK,숙박,"여행 > 숙박 > 여관,모텔",경도:127.006468851137,위도:37.56694128298416,도로명주소:서울 중구 을지로43길 9-8,웹링크:http://place.map.kakao.com/1035822117
장소이름:써미트호텔 동대문,숙박,여행 > 숙박 > 호텔 > 특급호텔,경도:127.006822709391,위도:37.5622398646594,도로명주소:서울 중구 장충단로 198,웹링크:http://place.map.kakao.com/20808004
장소이름:K게스트하우스 동대문프리미엄점,숙박,여행 > 숙박 > 게스트하우스,경도:127.0068183170376,위도:37.56372110314463,도로명주소:서울 중구 장충단로 213,웹링크:http://place.map.kakao.com/1355250191
장소이름:넘버25호텔 동대문점,숙박,"여행 > 숙박 > 여관,모텔",경도:127.00687731474596,위도:37.56525549635427,도로명주소:서울 중구 을지로44길 17-7,웹링크:http://place.map.kakao.com/1478952150
장소이름:호텔 루,숙박,"여행 > 숙박 > 여관,모텔",경도:127.00701767901,위도:37.5653717165956,도로명주소:서울 중구 장충단로 229-5,웹링크:http://place.map.kakao.com/16764939
장소이름:올리브호스텔 동대문점,숙박,"여행 > 숙박 > 여관,모텔",경도:127.006885247788,위도:37.5653627144319,도로명주소:서울 중구 장충단로 229-9,웹링크:http://place.map.kakao.com/429510802
장소이름:K게스트하우스 동대문5호점,숙박,여행 > 숙박 > 게스트하우스,경도:127.006890907704,위도:37.5653681200785,도로명주소:서울 중구 장충단로 229-9,웹링크:http://place.map.kakao.com/601885137
장소이름:한중민박,숙박,여행 > 숙박 > 민박,경도:127.00709234011238,위도:37.56491580807714,도로명주소:서울 중구 장충단로 225,웹링크:http://place.map.kakao.com/1899441291
장소이름:호텔스카이파크킹스타운 동대문점,숙박,여행 > 숙박 > 호텔,경도:127.007669986571,위도:37.5687125687034,도로명주소:서울 중구 장충단로13길 20,웹링크:http://place.map.kakao.com/1978877755
장소이름:세화장모텔,숙박,"여행 > 숙박 > 여관,모텔",경도:127.007858220569,위도:37.5503286131288,도로명주소:서울 중구 다산로 66,웹링크:http://place.map.kakao.com/15781842
장소이름:토요코인호텔 서울동대문2,숙박,여행 > 숙박 > 호텔,경도:127.00782009272544,위도:37.56449319488555,도로명주소:서울 중구 퇴계로 325,웹링크:http://place.map.kakao.com/2135584617
장소이름:소테츠호텔즈 더 스프라지르 서울동대문,숙박,여행 > 숙박 > 호텔 > 특급호텔,경도:127.00780993025334,위도:37.56472655358476,도로명주소:서울 중구 장충단로 226,웹링크:http://place.map.kakao.com/26857220
장소이름:르릿,숙박,"여행 > 숙박 > 여관,모텔",경도:127.0085557080259,위도:37.56361467245123,도로명주소:서울 중구 장충단로10길 27,웹링크:http://place.map.kakao.com/1806796010
장소이름:호텔 밀리오레 서울,숙박,여행 > 숙박 > 호텔,경도:127.00844870757297,위도:37.56827192867193,도로명주소:서울 중구 장충단로 263,웹링크:http://place.map.kakao.com/27273195
장소이름:퀸모텔,숙박,"여행 > 숙박 > 여관,모텔",경도:127.008755194631,위도:37.5563328004756,도로명주소:서울 중구 동호로15길 7,웹링크:http://place.map.kakao.com/14088392
장소이름:맹그로브 동대문,숙박,여행 > 숙박 > 호텔,경도:127.008715358028,위도:37.5641138127546,도로명주소:서울 중구 퇴계로 334,웹링크:http://place.map.kakao.com/3241716
장소이름:토요코인 서울동대문1,숙박,여행 > 숙박 > 호텔,경도:127.008964439079,위도:37.5647048476588,도로명주소:서울 중구 퇴계로 337,웹링크:http://place.map.kakao.com/1888660780
장소이름:96번지트래블러스롯지,숙박,여행 > 숙박 > 게스트하우스,경도:127.009761290324,위도:37.5647984880718,도로명주소:서울 중구 퇴계로 343-1,웹링크:http://place.map.kakao.com/1944749476
장소이름:프린스모텔,숙박,"여행 > 숙박 > 여관,모텔",경도:127.010814880872,위도:37.5556875155322,도로명주소:서울 중구 다산로 131,웹링크:http://place.map.kakao.com/27310822
장소이름:맥스타일게스트하우스,숙박,여행 > 숙박 > 게스트하우스,경도:127.010730737813,위도:37.5687195381417,도로명주소:서울 중구 마장로 3,웹링크:http://place.map.kakao.com/26806534
장소이름:대천여관,숙박,"여행 > 숙박 > 여관,모텔",경도:127.012522211801,위도:37.5596985867672,도로명주소:서울 중구 동호로12길 104,웹링크:http://place.map.kakao.com/23883046
장소이름:야코리아호스텔 동대문점,숙박,여행 > 숙박 > 게스트하우스,경도:127.01308812586,위도:37.5597850211007,도로명주소:서울 중구 다산로27길 6-10,웹링크:http://place.map.kakao.com/26923937
장소이름:J모텔,숙박,"여행 > 숙박 > 여관,모텔",경도:127.01413924323,위도:37.5640592279992,도로명주소:서울 중구 다산로35길 29,웹링크:http://place.map.kakao.com/18774524
장소이름:8모텔,숙박,"여행 > 숙박 > 여관,모텔",경도:127.014415376336,위도:37.5638429554858,도로명주소:서울 중구 다산로35길 21,웹링크:http://place.map.kakao.com/1764100050
장소이름:Q모텔,숙박,"여행 > 숙박 > 여관,모텔",경도:127.01449346685844,위도:37.56380240108915,도로명주소:서울 중구 다산로35길 19-1,웹링크:http://place.map.kakao.com/2046153308
장소이름:A모텔,숙박,"여행 > 숙박 > 여관,모텔",경도:127.0151861960444,위도:37.56395458240017,도로명주소:서울 중구 퇴계로76길 30,웹링크:http://place.map.kakao.com/25406335
장소이름:레인보우호텔,숙박,"여행 > 숙박 > 여관,모텔",경도:127.01590761262376,위도:37.565931273028845,도로명주소:서울 중구 다산로 255-1,웹링크:http://place.map.kakao.com/793824915
장소이름:플러스호텔,숙박,"여행 > 숙박 > 여관,모텔",경도:127.0158918086259,위도:37.56613129627302,도로명주소:서울 중구 다산로 259,웹링크:http://place.map.kakao.com/823785119
장소이름:영빈모텔,숙박,"여행 > 숙박 > 여관,모텔",경도:127.016665690107,위도:37.5646283280457,도로명주소:서울 중구 퇴계로78길 16,웹링크:http://place.map.kakao.com/16959505
장소이름:유니온장모텔,숙박,"여행 > 숙박 > 여관,모텔",경도:127.017331367181,위도:37.5652156817149,도로명주소:서울 중구 다산로44길 3-5,웹링크:http://place.map.kakao.com/15341218
장소이름:재화여관,숙박,"여행 > 숙박 > 여관,모텔",경도:127.017974145871,위도:37.5646749878975,도로명주소:서울 중구 다산로42길 29,웹링크:http://place.map.kakao.com/16849123
장소이름:어반아트스테이,숙박,여행 > 숙박 > 게스트하우스,경도:127.0184327609,위도:37.5701061199046,도로명주소:서울 중구 마장로9길 49-19,웹링크:http://place.map.kakao.com/827927741
장소이름:수정여관,숙박,"여행 > 숙박 > 여관,모텔",경도:127.01866351526309,위도:37.5649100409425,도로명주소:서울 중구 다산로44길 30-2,웹링크:http://place.map.kakao.com/16036146
장소이름:은성장여관,숙박,"여행 > 숙박 > 여관,모텔",경도:127.01937700713816,위도:37.566491174087496,도로명주소:서울 중구 퇴계로83길 22-16,웹링크:http://place.map.kakao.com/23881743
장소이름:빅스테이,숙박,여행 > 숙박 > 게스트하우스,경도:127.020348098858,위도:37.5703616880011,도로명주소:서울 중구 난계로21길 63,웹링크:http://place.map.kakao.com/81692270
장소이름:마이더스,숙박,"여행 > 숙박 > 여관,모텔",경도:127.0207498196,위도:37.5658314117241,도로명주소:서울 중구 퇴계로 439-4,웹링크:http://place.map.kakao.com/16733663
장소이름:우림여인숙,숙박,"여행 > 숙박 > 여관,모텔",경도:127.021103444271,위도:37.5675144094071,도로명주소:서울 중구 퇴계로87길 42,웹링크:http://place.map.kakao.com/11187826
장소이름:동문장 여관,숙박,"여행 > 숙박 > 여관,모텔",경도:127.021881925246,위도:37.5665664200458,도로명주소:서울 중구 난계로11길 33,웹링크:http://place.map.kakao.com/23882561
장소이름:크리스티호텔,숙박,"여행 > 숙박 > 여관,모텔",경도:127.022660486931,위도:37.5659499919306,도로명주소:서울 중구 난계로11길 13,웹링크:http://place.map.kakao.com/24822516
장소이름:레지던스유니콘,숙박,여행 > 숙박 > 게스트하우스,경도:127.02268332892056,위도:37.57035585643468,도로명주소:서울 중구 난계로23길 11,웹링크:http://place.map.kakao.com/1959217611
장소이름:대림장모텔,숙박,"여행 > 숙박 > 여관,모텔",경도:127.022977496498,위도:37.5662094175065,도로명주소:서울 중구 마장로18길 38,웹링크:http://place.map.kakao.com/15341217
